,ids,uids
0,FillerToGetMapNamesToMatchrowNamexdd,
1,df781bdb-6f9a-4efc-855b-dbef446e1b8a,0liUTlKkh9dQ6ahhNXMvfeit5ia
2,db589f15-ef00-4de4-b3ee-9383f1a1eecf,hQG6HJBR06Qb5ubCKKZ8E3fYvKe
3,69130a9e-674f-4491-b4f8-2dedf757c7e5,EkM6k5Gwc0seTqIhdCgv38wBkX0
4,ea3bb2f5-a546-45b4-8231-c53377280389,FOrI5Pop7uSxbvBUfvclUl3fNl7
5,09b72f75-af7b-4fd0-bba7-7a3d1c83cd6d,ht1cLdwwiRYethdtyMFcfaDBQ_g
6,17b7e6ee-2c2d-48af-9380-7d5b93c1f853,hMvW5zTDT8fTHh505JJqWvr0c8g
7,e191d74f-a2ee-4725-b8c4-ec5e6aabbf95,QBN0QHqNAjxM5q1M7NOAKFlacv5
8,e6901f1a-d976-43eb-8fde-e86caf745e47,Hz1D89pylgGSRRn9WDPDLUhfbkf
9,f9ec5774-d2f4-4217-87dc-5d74dad02586,l3aG1_qfJyaRHm4Oq2Io5uBtVqd
10,e1cfc447-1c79-4e6a-8afe-5290ffa0c67f,EW2xXu4w25D1U4SkPcI_7nIQtcg
11,6e08e2c0-ff25-44e4-8ac0-276de7cdcd4b,GYegSkfy9xRsYCY56VIbBVbN9lc
12,e9349dfa-c8bd-4c8e-88d3-daad158763ae,qTyT1tKnRKZvRDIve_ItnR54aZ3
13,23a49e05-77c9-4d2c-b6e3-182980d2408a,i420xKlU8N4BGb5Tt73b2_UsChl
14,869af84c-901a-496a-accb-b2b086560ff4,307RP8n4pQ7irKCQd20zGUvhl43
15,9a0d330e-f5b7-45b6-aab1-6736b0a992f2,PSskaX9qB357Gr7mN142twb8DUh
16,8d533e76-44cc-436f-82b7-b54a42bb0604,MDqEBeQJd_WFim1g20hgWWkpOtc
17,02e16512-590f-42f8-9932-0aa46e20e9c0,BTxZ3AonzBzEdi4irHSUrMzvQC8
18,7c7d55e1-de7c-4352-9704-93aee81ebf32,WhWHftoBbgpOm4ow0eXop5J0px3
19,643b7019-f12a-4323-88be-3e1166a89c4c,xYFca4PepWUno4i_6Xm12PLLLtb
20,59deeb6e-b7ed-46bc-b9e0-e0433f5662ea,0XJGbRQL8A1PV51N9D4Uc6Dblh0
21,aa882d79-cae0-4733-8ae5-f80ede16e99e,e_gcjMXr65YATwNDFDQpN1Cbaa8
22,00e5a646-5b21-4a65-bc78-0233d2a7cb4e,SzUjxj_EIB8Q8VB_NwIqIEv1bri
23,3a1f55bf-34f2-49aa-821f-3b101670191d,8hoZUgARlIgQ8KinsUgrKLLfBS9
24,491eebc2-7e98-4906-b11d-b1822e7a5163,nPNAxzaFzu5HURpQa3LugeWC9mm
25,bf01c5f2-0539-476d-9406-17e213570eb8,VJXhTZMf22XxV8C0VXLbEmvCyy5
